hash;recommends_influencer;datetime;name;nickname;evaluation_note;date_work;review;recommendation
f2949a489d63ecdaa19578f48f9394ded7b5275023357efeee48ead9a07856c2;recomendado;1/23/25 14:02;Nicole Prazeres;nicoleprazeres;10;2023 e 2024;"INCRIVEL. a nicole é super profissional,ela faz questão de entender o briefing eas entregas quase nunca tem ajuste, elatem uma agenda flexível e uma boaassessoria, amei trabalhar com a diva,não é atoa que contratamos ela doisanos seguidos para campanhasdiferentes";"contratem!!! é uma diva e preçojusto a qualidade da entrega"
2a53fb5b96b3033f9b97601085836003f85f5e78104e5f2fd3ead2c642aec127;recomendado;1/23/25 14:02;Laura Seraphim;lauraseraphim2;9;2021;"Diva demais, entregou tudo, entregoucarisma num talk, guiou boas conversase foi super proativa. Isso era nocomecinho da carreira dela.";"Se sua marca tem espaço paramemes delulu, chama a diva queela entrega"
ff824961040552605407885ab35495e0f1a216b50ac1f91791f0520947b02b8d;recomendado;1/23/25 14:02;Jordania Oliveira;@jordanniaoliveira;10;ago.-25;"Excelente profissional. E olha que tádifícil hoje em dia. Dá pra contar nosdedos. Bom, Jordânia foi indicada porum outro colega que já tinha curtido. Foisuper simpática e tem boas ideias. Suaentrega ficou ótima. Gerou bonsresultados aqui pra gente. Já tá aqui nalista aqui das preferências.";podem contratar
98d6fff5a6e786d8fef8c193255395d61dedb5fe07cc22416fa8589ad342eebf;recomendado;1/23/25 14:02;Fefo Caires/Fefoverso;"@fefocaires - IG / @fefoverso -YT";10;2024;"Foi incrivel! O Fefo é muito atencioso,ágil, foi mega criativo durante asentregas e entregou conteúdos muitobons! E ele possui uma comunidadesuper engajada, tivemos otimosresultados!";"Coloquem no plano de vocês!Vamos valorizar creatorspequenos pq eles entregam mtmais que gente grande que cobrao olho da cara!!!!"
ec01b0fca356dee8c6280b1f9277d709b6809e49efd39c061671d71a3815d6ce;não recomendado;1/23/25 14:03;Camila Loures;@camilaloures;1;2024;"Horripilante. Fez uma entrega péssima,com má vontade e quando não aatendemos novamente, surtou.Reclamou de tudo e foiEXTREMAMENTE grosseira (depoisapagou as mensagens, mas o printvive).";"Não vale o estresse, tem pessoasmelhores no mercado."
5e7f333da166c6d1ccc27c0b325e9dbb15c1571f35f29bcf666319f4849219b4;recomendado;1/23/25 14:03;Fe Cortez;@fecortez;10;2023;"A equipe que atendia a Fe (pelo menosna época) era muito competente eorganizada. A Fe faz as entregas nosprazos e não cria muito empecilho nahora de criar o conteúdo.";"Recomendo para campanhasligadas à sustentabilidade."
fd73a718b94b7be57bc81d9d8d3bb163d7d01686e359a0839a6fec8059ece3ca;recomendado;1/23/25 14:03;Anitta;@anitta;10;2024;"Absurdamente impecável. Equipeprestativa e atenta. Ela gosta de fazeralterações pra ficar com a linguagem dopúblico dela e isso realmente funciona.Os clientes não questionam as escolhasdela porque ela sempre traz argumentosmuito bons. Vale demais o valor que sepaga. O fandom dela deixa qualquerpubli ainda mais interessante já quelevam tudo pra outra esfera.";Contratem!
58b8a2cbaf5db1a2bdc8eb4d82163e9d81eed9c321761fafed1bcbd876193783;recomendado;1/23/25 14:04;Saulo decris;@saulodecris;10;2024;Excelente;Sim
966357b3dddb488a687a05a241de39b6733ddcc11885058e4a8abbbe87040da1;não recomendado;1/23/25 14:04;nobru;@nobru;3;2022/2023;pessimo, muito mimado.. fama subiu pra;evitem
